#SampleID,Index,Phenotype
91.AVd_170,TTCGATGCCGCA,TF
84.AVd_110,CGAGCTGTTACC,TF
82.AVd_109,CGGATCTAGTGT,TF
80.AVd_108,TGGTCGCATCGT,TF
78.AVd_291,TTGACCGCGGTT,TF
76.AVd_299,CACTGGTGCATA,TF
72.AVd_293,TTAAGACAGTCG,TF
70.AVd_176,CGTGACAATAGT,TF
68.AVd_171,CACCTTACCTTA,TF
66.AVd_168,GTAAATTCAGGC,TF
64.AVd_153,GTTATCGCATGG,TF
62.AVd_147,ACGACTGCATAA,TF
60.AVd_151,GTGTTAGATGTG,TF
56.AVd_98,ACCCAAGCGTTA,TF
121.AVd_310,CGAGCAATCCTA,TF
119.AVd_309,CAAACAACAGCT,TF
117.AVd_290,GATCTGCGATCC,T
115.AVd_294,CATTATGGCGTG,TF
110.AVd_308,AGTCGAACGAGG,TF
109.AVd_307,AATTGTGTCGGA,TF
108.AVd_306,ACCGGTATGTAC,TF
107.AVd_312,TACAGCGCATAC,TF
